method,pattern,n,trial,seed,setup_ms,sort_ms,status
parallel,reverse,16000000,0,42,96.450,68.188,OK
radix11,partial,16000000,0,42,124.317,1395.833,OK
radix8,reverse,16000000,0,42,124.229,86.623,OK
radix11,reverse,16000000,0,42,97.108,132.401,OK
radix8,sorted,16000000,0,42,105.711,67.701,OK
jdk,partial,16000000,0,42,264.768,1962.706,OK
radix16,reverse,16000000,0,42,129.579,169.785,OK
radix16,sorted,16000000,0,42,125.538,210.486,OK
parallel,sorted,16000000,0,42,150.702,45.816,OK
radix11,sorted,16000000,0,42,305.613,67.870,OK
parallel,random,16000000,0,42,186.866,2006.638,OK
jdk,reverse,16000000,0,42,160.896,131.608,OK
radix8,partial,16000000,0,42,185.766,2467.768,OK
radix16,partial,16000000,0,42,182.033,4379.497,OK
jdk,sorted,16000000,0,42,128.209,79.002,OK
radix16,random,16000000,0,42,163.607,5579.016,OK
jdk,random,16000000,0,42,205.144,6550.009,OK
radix8,random,16000000,0,42,175.376,3195.133,OK
radix11,random,16000000,0,42,269.194,3994.616,OK
parallel,partial,16000000,0,42,311.765,1339.841,OK
jdk,reverse,16000000,1,43,203.164,111.167,OK
radix11,sorted,16000000,1,43,127.025,84.943,OK
radix16,reverse,16000000,1,43,388.491,225.404,OK
parallel,reverse,16000000,1,43,248.111,232.292,OK
jdk,random,16000000,1,43,128.135,3027.231,OK
radix11,reverse,16000000,1,43,144.044,101.421,OK
radix8,partial,16000000,1,43,174.940,1278.320,OK
radix11,partial,16000000,1,43,108.705,2281.787,OK
jdk,partial,16000000,1,43,142.527,1766.549,OK
radix11,random,16000000,1,43,141.826,1764.120,OK
radix16,partial,16000000,1,43,126.278,2064.603,OK
jdk,sorted,16000000,1,43,63.975,39.018,OK
parallel,sorted,16000000,1,43,95.592,65.698,OK
radix8,sorted,16000000,1,43,95.886,39.635,OK
parallel,partial,16000000,1,43,94.074,334.377,OK
parallel,random,16000000,1,43,77.059,929.073,OK
radix16,random,16000000,1,43,69.080,1618.724,OK
radix16,sorted,16000000,1,43,52.333,19.703,OK
radix8,reverse,16000000,1,43,76.875,54.300,OK
radix8,random,16000000,1,43,72.571,648.148,OK
radix11,reverse,16000000,2,44,132.614,94.381,OK
radix16,partial,16000000,2,44,97.504,1878.277,OK
jdk,reverse,16000000,2,44,97.846,78.407,OK
radix11,random,16000000,2,44,123.324,1189.998,OK
parallel,reverse,16000000,2,44,99.954,58.129,OK
radix16,sorted,16000000,2,44,77.057,34.283,OK
parallel,sorted,16000000,2,44,82.742,16.918,OK
jdk,partial,16000000,2,44,91.144,964.893,OK
radix8,random,16000000,2,44,79.785,779.224,OK
radix8,sorted,16000000,2,44,90.928,37.544,OK
parallel,random,16000000,2,44,94.945,1060.997,OK
radix11,partial,16000000,2,44,106.808,1076.714,OK
radix16,reverse,16000000,2,44,85.070,63.125,OK
jdk,random,16000000,2,44,113.783,2183.566,OK
jdk,sorted,16000000,2,44,59.816,47.117,OK
radix8,partial,16000000,2,44,110.881,816.272,OK
parallel,partial,16000000,2,44,141.233,378.519,OK
radix8,reverse,16000000,2,44,79.347,54.348,OK
radix11,sorted,16000000,2,44,72.212,27.502,OK
radix16,random,16000000,2,44,74.873,1443.848,OK
parallel,reverse,30000000,0,42,139.970,72.028,OK
jdk,partial,30000000,0,42,138.103,1473.576,OK
jdk,reverse,30000000,0,42,173.689,201.765,OK
radix8,partial,30000000,0,42,148.121,1532.494,OK
radix16,sorted,30000000,0,42,140.662,90.669,OK
radix11,partial,30000000,0,42,200.598,3219.032,OK
parallel,random,30000000,0,42,215.119,2229.405,OK
radix16,reverse,30000000,0,42,197.111,317.435,OK
radix8,random,30000000,0,42,265.722,1594.550,OK
jdk,sorted,30000000,0,42,122.121,37.499,OK
radix11,sorted,30000000,0,42,235.659,120.959,OK
radix8,reverse,30000000,0,42,244.159,119.461,OK
radix11,reverse,30000000,0,42,145.591,100.317,OK
parallel,partial,30000000,0,42,150.190,623.339,OK
radix8,sorted,30000000,0,42,120.192,102.146,OK
jdk,random,30000000,0,42,152.390,4644.005,OK
radix16,partial,30000000,0,42,141.452,3783.818,OK
parallel,sorted,30000000,0,42,104.794,24.900,OK
radix16,random,30000000,0,42,136.582,3635.465,OK
radix11,random,30000000,0,42,159.777,1997.234,OK
radix11,sorted,30000000,1,43,131.950,66.649,OK
radix8,reverse,30000000,1,43,158.936,130.550,OK
parallel,sorted,30000000,1,43,117.232,34.291,OK
jdk,random,30000000,1,43,146.269,5510.731,OK
parallel,partial,30000000,1,43,150.814,698.635,OK
radix11,partial,30000000,1,43,165.312,1882.147,OK
radix16,random,30000000,1,43,136.157,2807.360,OK
jdk,reverse,30000000,1,43,158.836,84.856,OK
jdk,partial,30000000,1,43,141.025,1583.321,OK
radix16,partial,30000000,1,43,201.093,9836.318,OK
radix16,sorted,30000000,1,43,208.537,105.444,OK
radix16,reverse,30000000,1,43,255.034,158.928,OK
radix8,partial,30000000,1,43,166.865,2025.504,OK
radix8,sorted,30000000,1,43,207.020,93.450,OK
parallel,reverse,30000000,1,43,193.700,140.567,OK
parallel,random,30000000,1,43,153.455,2190.053,OK
radix11,random,30000000,1,43,162.358,1831.836,OK
radix8,random,30000000,1,43,175.011,2238.008,OK
radix11,reverse,30000000,1,43,186.709,129.961,OK
jdk,sorted,30000000,1,43,120.790,116.160,OK
jdk,partial,30000000,2,44,194.181,1928.678,OK
radix16,partial,30000000,2,44,186.649,4241.711,OK
jdk,sorted,30000000,2,44,124.687,31.801,OK
jdk,reverse,30000000,2,44,173.039,126.440,OK
radix11,random,30000000,2,44,218.401,2117.727,OK
radix16,sorted,30000000,2,44,138.409,73.414,OK
radix8,partial,30000000,2,44,185.120,1532.214,OK
parallel,random,30000000,2,44,187.643,2372.287,OK
radix16,reverse,30000000,2,44,203.751,129.868,OK
radix8,reverse,30000000,2,44,154.465,125.471,OK
radix8,random,30000000,2,44,171.665,1628.772,OK
radix16,random,30000000,2,44,139.754,3080.208,OK
radix11,sorted,30000000,2,44,116.148,57.929,OK
jdk,random,30000000,2,44,137.052,5306.737,OK
parallel,reverse,30000000,2,44,232.782,104.357,OK
radix11,partial,30000000,2,44,163.915,2485.009,OK
parallel,sorted,30000000,2,44,117.985,36.631,OK
parallel,partial,30000000,2,44,172.497,803.117,OK
radix11,reverse,30000000,2,44,165.490,203.984,OK
radix8,sorted,30000000,2,44,146.141,70.252,OK
